INSERT INTO Employe (numero, nom, prenom, tel, adresse) VALUES (4, 'Nadal', 'Rafael', '01 29 71 13 76', '18 place Bellegarde, 78990 Elancourt');
INSERT INTO Employe (numero, nom, prenom, tel, adresse) VALUES (7, 'Bjorkman', 'Jonas', '01 91 74 00 55', '59 rue du Felibre Gault, 78310 Maurepas');
INSERT INTO Employe (numero, nom, prenom, tel, adresse) VALUES (8, 'Grosjean', 'Sebastien', '01 25 60 00 87', '57 Av. Napoleon Bonaparte, 78190 Trappes');
INSERT INTO Employe (numero, nom, prenom, tel, adresse) VALUES (10, 'Ferrer', 'David', '01 03 71 38 64', '21 Bd. Jean Jaures, 78310 Maurepas');
INSERT INTO Employe (numero, nom, prenom, tel, adresse) VALUES (12, 'Davenport', 'Lindsay', '01 04 70 01 65', '56 rue des Muletiers, 78660 Ablis');
INSERT INTO Employe (numero, nom, prenom, tel, adresse) VALUES (15, 'Haas', 'Tommy', '01 05 70 39 78', '68 Av. Pasteur, 78000 Versailles');
INSERT INTO Employe (numero, nom, prenom, tel, adresse) VALUES (19, 'Safin', 'Marat', '01 06 70 38 90', '61 rue Fermee, 78430 Louveciennes');
INSERT INTO Employe (numero, nom, prenom, tel, adresse) VALUES (22, 'Gicquel', 'Marc', '01 08 70 19 78', '67 rue de la Fontaine, 78300 Poissy');
INSERT INTO Employe (numero, nom, prenom, tel, adresse) VALUES (24, 'Zvonareva', 'Vera', '01 08 71 38 93', '11 place des Augustins, 78300 Poissy');
INSERT INTO Employe (numero, nom, prenom, tel, adresse) VALUES (25, 'Benneteau', 'Julien', '01 09 70 24 85', '32 rue Signoret, 78430 Louveciennes');
INSERT INTO Employe (numero, nom, prenom, tel, adresse) VALUES (26, 'Hantuchova', 'Daniela', '01 10 70 09 57', '28 rue Buscaille, 78000 Versailles');
INSERT INTO Employe (numero, nom, prenom, tel, adresse) VALUES (27, 'Spadea', 'Vincent', '01 55 54 51 79', '32 place des Cardeurs, 78000 Versailles');
INSERT INTO Employe (numero, nom, prenom, tel, adresse) VALUES (29, 'Pavel', 'Andrei', '01 10 70 10 74', '5 rue du Plan, 78300 Poissy');
INSERT INTO Employe (numero, nom, prenom, tel, adresse) VALUES (31, 'Stepanek', 'Radek', '01 11 71 87 71', '33 rue Cardinale, 78000 Versailles');
INSERT INTO Employe (numero, nom, prenom, tel, adresse) VALUES (34, 'Dechy', 'Nathalie', '01 13 71 36 65', '6 Bd. Aristide Briand, 78870 Bailly');
INSERT INTO Employe (numero, nom, prenom, tel, adresse) VALUES (45, 'Schnyder', 'Patty', '01 15 71 25 67', '50 rue Villars, 78130 Les Mureaux');
INSERT INTO Employe (numero, nom, prenom, tel, adresse) VALUES (49, 'Kremer', 'Anne', '01 17 37 09 65', '15 rue Baratanque, 78130 Les Mureaux');
INSERT INTO Employe (numero, nom, prenom, tel, adresse) VALUES (50, 'Parmentier', 'Pauline', '01 80 53 13 30', '4 place des Tanneurs, 78130 Les Mureaux');
INSERT INTO Employe (numero, nom, prenom, tel, adresse) VALUES (53, 'Hingis', 'Martina', '01 17 71 19 57', '3 rue Gaston de Saporta, 78870 Bailly');
INSERT INTO Employe (numero, nom, prenom, tel, adresse) VALUES (54, 'Andreev', 'Igor', '01 17 71 77 33', '2 rue Pierre et Marie Curie, 78530 Buc');
INSERT INTO Employe (numero, nom, prenom, tel, adresse) VALUES (57, 'Pennetta', 'Flavia', '01 18 60 41 33', '48 rue de l''Ecole, 78120 Rambouillet');
INSERT INTO Employe (numero, nom, prenom, tel, adresse) VALUES (64, 'Henin', 'Justine', '01 20 71 11 93', '1 cours Gambetta, 78660 Ablis');
INSERT INTO Employe (numero, nom, prenom, tel, adresse) VALUES (71, 'Berdych', 'Tomas', '01 23 71 09 99', '29 rue Lieutaud, 78430 Louveciennes');
INSERT INTO Employe (numero, nom, prenom, tel, adresse) VALUES (73, 'Cornet', 'Alize', '01 25 71 11 66', '24 rue des Bremondis, 78000 Versailles');
INSERT INTO Employe (numero, nom, prenom, tel, adresse) VALUES (80, 'Hewitt', 'Lleyton', '01 29 52 84 64', '25 rue de Jouques, 78870 Bailly');
INSERT INTO Employe (numero, nom, prenom, tel, adresse) VALUES (82, 'Dementieva', 'Elena', '01 29 72 72 48', '52 rue de la Molle, 78240 Chambourcy');
INSERT INTO Employe (numero, nom, prenom, tel, adresse) VALUES (85, 'Mathieu', 'Paul-Henri', '01 32 43 06 65', '63 rue de l''Opera, 78000 Versailles');
INSERT INTO Employe (numero, nom, prenom, tel, adresse) VALUES (86, 'Vaidisova', 'Nicole', '01 32 70 13 51', '69 rue Paul Bert, 78870 Bailly');
INSERT INTO Employe (numero, nom, prenom, tel, adresse) VALUES (88, 'Rochus', 'Olivier', '01 33 71 22 90', '40 rue Marcel Guillaume, 78870 Bailly');
INSERT INTO Employe (numero, nom, prenom, tel, adresse) VALUES (89, 'Moya', 'Carlos', '01 34 71 09 56', '21 rue Roux Alpheran, 78990 Elancourt');
INSERT INTO Employe (numero, nom, prenom, tel, adresse) VALUES (95, 'Sugiyama', 'Ai', '01 38 62 11 31', '34 rue des Carmes, 78000 Versailles');
INSERT INTO Employe (numero, nom, prenom, tel, adresse) VALUES (97, 'Canas', 'Guillermo', '01 38 71 12 60', '51 rue Villevieille, 78120 Rambouillet');
INSERT INTO Employe (numero, nom, prenom, tel, adresse) VALUES (98, 'Lopez', 'Feliciano', '01 39 71 19 90', '39 rue Chastel, 78190 Trappes');
INSERT INTO Employe (numero, nom, prenom, tel, adresse) VALUES (99, 'Federer', 'Roger', '01 39 71 39 66', '70 rue Paul Doumer, 78310 Maurepas');
INSERT INTO Employe (numero, nom, prenom, tel, adresse) VALUES (113, 'Williams', 'Venus', '01 52 53 35 74', '5 rue de l''Annonciade, 78310 Maurepas');
INSERT INTO Employe (numero, nom, prenom, tel, adresse) VALUES (114, 'Monfils', 'Gael', '01 53 34 45 65', '33 rue Littera, 78240 Chambourcy');
INSERT INTO Employe (numero, nom, prenom, tel, adresse) VALUES (116, 'Ancic', 'Mario', '01 54 53 00 90', '47 rue des Menudieres, 78870 Bailly');
INSERT INTO Employe (numero, nom, prenom, tel, adresse) VALUES (122, 'Mauresmo', 'Amelie', '01 22 47 75 89', '39 cours de la Trinite, 78000 Versailles');
INSERT INTO Employe (numero, nom, prenom, tel, adresse) VALUES (126, 'Djokovic', 'Novak', '01 58 30 36 63', '35 Av. des Thermes, 78990 Elancourt');
INSERT INTO Employe (numero, nom, prenom, tel, adresse) VALUES (127, 'Clement', 'Arnaud', '01 61 47 28 67', '10 rue Granet, 78000 Versailles');
INSERT INTO Employe (numero, nom, prenom, tel, adresse) VALUES (130, 'Ljubicic', 'Ivan', '01 64 73 66 30', '9 rue Goyrand, 78120 Rambouillet');
INSERT INTO Employe (numero, nom, prenom, tel, adresse) VALUES (131, 'Harkleroad', 'Ashley', '01 66 43 02 49', '64 rue Finsonius, 78000 Versailles');
INSERT INTO Employe (numero, nom, prenom, tel, adresse) VALUES (135, 'Gasquet', 'Richard', '01 66 55 11 60', '22 rue Boulegon, 78300 Poissy');
INSERT INTO Employe (numero, nom, prenom, tel, adresse) VALUES (139, 'Molik', 'Alicia', '01 67 36 09 91', '18 rue d''Italie, 78870 Bailly');
INSERT INTO Employe (numero, nom, prenom, tel, adresse) VALUES (140, 'Dulko', 'Gisela', '01 69 73 18 64', '22 rue des chapeliers, 78112 Fourqueux');
INSERT INTO Employe (numero, nom, prenom, tel, adresse) VALUES (141, 'Golovin', 'Tatiana', '01 70 73 51 79', '8 place des Precheurs, 78300 Poissy');
INSERT INTO Employe (numero, nom, prenom, tel, adresse) VALUES (144, 'Ivanovic', 'Ana', '01 71 47 11 89', '4 rue Gianotti, 78240 Chambourcy');
INSERT INTO Employe (numero, nom, prenom, tel, adresse) VALUES (151, 'Baghdatis', 'Marcos', '01 80 43 39 73', '58 rue Fauchier, 78990 Elancourt');
INSERT INTO Employe (numero, nom, prenom, tel, adresse) VALUES (152, 'Murray', 'Andy', '01 80 54 56 25', '6 rue de la Glaciere, 78280 Guyancourt');
INSERT INTO Employe (numero, nom, prenom, tel, adresse) VALUES (155, 'Simon', 'Gilles', '01 82 53 18 73', '42 rue des Marseillais, 78190 Trappes');
INSERT INTO Employe (numero, nom, prenom, tel, adresse) VALUES (162, 'Williams', 'Serena', '01 89 53 35 89', '27 rue Boueno Carriero, 78310 Maurepas');
INSERT INTO Employe (numero, nom, prenom, tel, adresse) VALUES (163, 'Bartoli', 'Marion', '01 89 53 56 26', '8 rue Gontard, 78112 Fourqueux');
INSERT INTO Employe (numero, nom, prenom, tel, adresse) VALUES (169, 'Roddick', 'Andy', '01 91 53 36 33', '62 rue Fernand Dol, 78530 Buc');
INSERT INTO Employe (numero, nom, prenom, tel, adresse) VALUES (176, 'Serra', 'Florent', '01 92 71 13 64', '50 place Miollis, 78300 Poissy');
INSERT INTO Employe (numero, nom, prenom, tel, adresse) VALUES (179, 'Santoro', 'Fabrice', '01 93 70 51 41', '52 rue des Epinaux, 78310 Maurepas');
INSERT INTO Employe (numero, nom, prenom, tel, adresse) VALUES (180, 'Nalbandian', 'David', '01 94 53 22 54', '46 Rue Courteissade, 78310 Maurepas');
INSERT INTO Employe (numero, nom, prenom, tel, adresse) VALUES (189, 'Razzano', 'Virginie', '01 96 37 14 82', '29 cours Saint Louis, 78660 Ablis');
INSERT INTO Employe (numero, nom, prenom, tel, adresse) VALUES (194, 'Blake', 'James', '01 98 53 39 89', '33 rue Suffren, 78310 Maurepas');
INSERT INTO Employe (numero, nom, prenom, tel, adresse) VALUES (195, 'Mayer', 'Florian', '01 99 61 09 68', '54 rue de Montigny, 78000 Versailles');
INSERT INTO Employe (numero, nom, prenom, tel, adresse) VALUES (196, 'Kuznetsova', 'Svetlana', '01 99 70 13 51', '12 rue du Griffon, 78300 Poissy');
INSERT INTO Malade (numero, nom, prenom, tel, mutuelle, adresse) VALUES (1, 'Querrey', 'Sam', '01 52 53 23 82', 'MNAM', '43 rue Vauvenargues, 78000 Versailles');
INSERT INTO Malade (numero, nom, prenom, tel, mutuelle, adresse) VALUES (3, 'Paszek', 'Tamira', '01 89 61 09 67', 'LMDE', '66 impasse du Paradis, 78300 Poissy');
INSERT INTO Malade (numero, nom, prenom, tel, mutuelle, adresse) VALUES (6, 'Osterloh', 'Lilia', '01 66 55 77 29', 'MNH', '43 rue de la Masse, 78310 Maurepas');
INSERT INTO Malade (numero, nom, prenom, tel, mutuelle, adresse) VALUES (13, 'Gallovits', 'Edina', '01 17 73 13 69', 'MAAF', '9 rue du Puits Juif, 78130 Les Mureaux');
INSERT INTO Malade (numero, nom, prenom, tel, mutuelle, adresse) VALUES (14, 'Rodionova', 'Anastasia', '01 95 53 20 73', 'MGEN', '50 Bd. Emile Zola, 78240 Chambourcy');
INSERT INTO Malade (numero, nom, prenom, tel, mutuelle, adresse) VALUES (21, 'Sela', 'Dudi', '01 04 71 42 63', 'MMA', '6 Bd. des Poilus, 78630 Orgeval');
INSERT INTO Malade (numero, nom, prenom, tel, mutuelle, adresse) VALUES (23, 'Bammer', 'Sybille', '01 96 37 35 60', 'CNAMTS', '35 rue Loubon, 78990 Elancourt');
INSERT INTO Malade (numero, nom, prenom, tel, mutuelle, adresse) VALUES (33, 'Volandri', 'Filippo', '01 81 62 11 89', 'CCVRP', '25 rue des Bretons, 78430 Louveciennes');
INSERT INTO Malade (numero, nom, prenom, tel, mutuelle, adresse) VALUES (35, 'Ventura', 'Santiago', '01 91 61 35 69', 'MNFTC', '46 place de Verdun, 78990 Elancourt');
INSERT INTO Malade (numero, nom, prenom, tel, mutuelle, adresse) VALUES (36, 'Horna', 'Luis', '01 66 55 11 67', 'MAS', '38 place des Chapeliers, 78530 Buc');
INSERT INTO Malade (numero, nom, prenom, tel, mutuelle, adresse) VALUES (37, 'Almagro', 'Nicolas', '01 29 70 14 85', 'AG2R', '22 place Jeanne d''Arc, 78770 Auteuil');
INSERT INTO Malade (numero, nom, prenom, tel, mutuelle, adresse) VALUES (41, 'Zabaleta', 'Mariano', '01 77 58 10 55', 'MGSP', '10 rue Aude, 78630 Orgeval');
INSERT INTO Malade (numero, nom, prenom, tel, mutuelle, adresse) VALUES (43, 'Poutchek', 'Tatiana', '01 48 71 72 65', 'MNAM', '34 rue Loubet, 78000 Versailles');
INSERT INTO Malade (numero, nom, prenom, tel, mutuelle, adresse) VALUES (44, 'Fish', 'Mardy', '01 21 47 03 27', 'LMDE', '63 place Ferreol, 78310 Maurepas');
INSERT INTO Malade (numero, nom, prenom, tel, mutuelle, adresse) VALUES (46, 'Cilic', 'Marin', '01 07 72 15 93', 'MNH', '26 Av. Jules Isaac, 78000 Versailles');
INSERT INTO Malade (numero, nom, prenom, tel, mutuelle, adresse) VALUES (52, 'Hanescu', 'Victor', '01 04 70 13 38', 'MAAF', '12 rue Vieille, 78000 Versailles');
INSERT INTO Malade (numero, nom, prenom, tel, mutuelle, adresse) VALUES (55, 'Falla', 'Alejandro', '01 55 54 12 55', 'MGEN', '37 rue Tournefort, 78310 Maurepas');
INSERT INTO Malade (numero, nom, prenom, tel, mutuelle, adresse) VALUES (56, 'Monaco', 'Juan', '01 27 37 25 94', 'MMA', '16 place Richelme, 78530 Buc');
INSERT INTO Malade (numero, nom, prenom, tel, mutuelle, adresse) VALUES (60, 'Hernandez', 'Oscar', '01 96 53 11 31', 'CNAMTS', '2 rue Ganay, 78770 Auteuil');
INSERT INTO Malade (numero, nom, prenom, tel, mutuelle, adresse) VALUES (61, 'Gonzalez', 'Fernando', '01 18 71 36 73', 'CCVRP', '20 Bd. du Roi Rene, 78120 Rambouillet');
INSERT INTO Malade (numero, nom, prenom, tel, mutuelle, adresse) VALUES (63, 'Peer', 'Shahar', '01 42 62 79 73', 'MNFTC', '41 place de L''Universite, 78300 Poissy');
INSERT INTO Malade (numero, nom, prenom, tel, mutuelle, adresse) VALUES (65, 'Craybas', 'Jill', '01 13 71 28 05', 'MAS', '49 rue Victor Leydet, 78000 Versailles');
INSERT INTO Malade (numero, nom, prenom, tel, mutuelle, adresse) VALUES (66, 'Cibulkova', 'Dominika', '01 54 53 79 30', 'AG2R', '42 rue Clovis Hugues, 78000 Versailles');
INSERT INTO Malade (numero, nom, prenom, tel, mutuelle, adresse) VALUES (67, 'Errani', 'Sara', '01 92 61 05 20', 'MGSP', '53 rue Monclar, 78430 Louveciennes');
INSERT INTO Malade (numero, nom, prenom, tel, mutuelle, adresse) VALUES (68, 'Sequera', 'Milagros', '01 92 31 76 31', 'MNAM', '8 rue d''Arpille, 78300 Poissy');
INSERT INTO Malade (numero, nom, prenom, tel, mutuelle, adresse) VALUES (70, 'Tipsarevic', 'Janko', '01 23 47 77 96', 'LMDE', '20 rue Jaubert, 78660 Ablis');
INSERT INTO Malade (numero, nom, prenom, tel, mutuelle, adresse) VALUES (72, 'Peng', 'Shuai', '01 66 43 42 66', 'MNH', '70 place Forbin, 78120 Rambouillet');
INSERT INTO Malade (numero, nom, prenom, tel, mutuelle, adresse) VALUES (74, 'Capdeville', 'Paul', '01 20 72 05 93', 'MAAF', '41 rue Clemenceau, 78120 Rambouillet');
INSERT INTO Malade (numero, nom, prenom, tel, mutuelle, adresse) VALUES (75, 'Gulbis', 'Ernests', '01 96 37 01 55', 'MGEN', '46 rue Mejanes, 78000 Versailles');
INSERT INTO Malade (numero, nom, prenom, tel, mutuelle, adresse) VALUES (76, 'Govortsova', 'Olga', '01 77 58 44 41', 'MMA', '3 place Ganay, 78120 Rambouillet');
INSERT INTO Malade (numero, nom, prenom, tel, mutuelle, adresse) VALUES (77, 'Obziler', 'Tzipora', '01 35 71 31 74', 'CNAMTS', '19 Chemin Robert, 78310 Maurepas');
INSERT INTO Malade (numero, nom, prenom, tel, mutuelle, adresse) VALUES (78, 'Kanepi', 'Kaia', '01 17 73 18 65', 'CCVRP', '7 place d''Armenie, 78990 Elancourt');
INSERT INTO Malade (numero, nom, prenom, tel, mutuelle, adresse) VALUES (79, 'Knapp', 'Karin', '01 83 73 09 05', 'MNFTC', '37 rue des Magnans, 78310 Maurepas');
INSERT INTO Malade (numero, nom, prenom, tel, mutuelle, adresse) VALUES (81, 'Wozniacki', 'Caroline', '01 77 58 00 64', 'MAS', '64 cours d''Orbitelle, 78310 Maurepas');
INSERT INTO Malade (numero, nom, prenom, tel, mutuelle, adresse) VALUES (90, 'Meusburger', 'Yvonne', '01 43 62 13 66', 'AG2R', '13 rue des Guerriers, 78770 Auteuil');
INSERT INTO Malade (numero, nom, prenom, tel, mutuelle, adresse) VALUES (91, 'Brzezicki', 'Juan Pablo', '01 28 51 35 65', 'MGSP', '17 Av. des Belges, 78300 Poissy');
INSERT INTO Malade (numero, nom, prenom, tel, mutuelle, adresse) VALUES (92, 'Massu', 'Nicolas', '01 28 70 11 63', 'MNAM', '23 allee Rufinus, 78000 Versailles');
INSERT INTO Malade (numero, nom, prenom, tel, mutuelle, adresse) VALUES (100, 'Verdasco', 'Fernando', '01 64 47 37 26', 'LMDE', '55 rue des Etuves, 78990 Elancourt');
INSERT INTO Malade (numero, nom, prenom, tel, mutuelle, adresse) VALUES (101, 'Melzer', 'Jurgen', '01 91 43 51 66', 'MNH', '44 rue Matheron, 78660 Ablis');
INSERT INTO Malade (numero, nom, prenom, tel, mutuelle, adresse) VALUES (102, 'Poutchkova', 'Olga', '01 03 71 02 73', 'MAAF', '7 rue des Gondraux, 78000 Versailles');
INSERT INTO Malade (numero, nom, prenom, tel, mutuelle, adresse) VALUES (103, 'Mahut', 'Nicolas', '01 14 71 01 26', 'MNAM', '67 Av. du Parc, 78000 Versailles');
INSERT INTO Malade (numero, nom, prenom, tel, mutuelle, adresse) VALUES (104, 'Davydenko', 'Nikolay', '01 91 43 35 67', 'LMDE', '34 rue des Tanneurs, 78770 Auteuil');
INSERT INTO Malade (numero, nom, prenom, tel, mutuelle, adresse) VALUES (105, 'Tursunov', 'Dmitry', '01 15 45 22 98', 'MNH', '58 rue Nazareth, 78870 Bailly');
INSERT INTO Malade (numero, nom, prenom, tel, mutuelle, adresse) VALUES (107, 'Azarenka', 'Victoria', '01 14 71 79 67', 'MAAF', '48 rue Merindol, 78990 Elancourt');
INSERT INTO Malade (numero, nom, prenom, tel, mutuelle, adresse) VALUES (108, 'Muller', 'Martina', '01 16 71 12 54', 'MGEN', '5 rue Gibelin, 78112 Fourqueux');
INSERT INTO Malade (numero, nom, prenom, tel, mutuelle, adresse) VALUES (109, 'Calleri', 'Agustin', '01 52 53 11 55', 'MMA', '21 rue du Bon Pasteur, 78300 Poissy');
INSERT INTO Malade (numero, nom, prenom, tel, mutuelle, adresse) VALUES (117, 'Ascione', 'Thierry', '01 57 31 38 89', 'CNAMTS', '31 cours Sextius, 78240 Chambourcy');
INSERT INTO Malade (numero, nom, prenom, tel, mutuelle, adresse) VALUES (119, 'Schiavone', 'Francesca', '01 89 61 00 41', 'CCVRP', '28 rue Saint Joseph, 78310 Maurepas');
INSERT INTO Malade (numero, nom, prenom, tel, mutuelle, adresse) VALUES (120, 'Malek', 'Tatjana', '01 81 53 12 57', 'MNFTC', '13 place Ramus, 78000 Versailles');
INSERT INTO Malade (numero, nom, prenom, tel, mutuelle, adresse) VALUES (121, 'Eschauer', 'Werner', '01 23 47 11 54', 'MAS', '36 rue Thiers, 78430 Louveciennes');
INSERT INTO Malade (numero, nom, prenom, tel, mutuelle, adresse) VALUES (123, 'Vesnina', 'Elena', '01 94 70 38 67', 'AG2R', '51 cours Mirabeau, 78112 Fourqueux');
INSERT INTO Malade (numero, nom, prenom, tel, mutuelle, adresse) VALUES (124, 'Russell', 'Michael', '01 14 71 09 56', 'MGSP', '31 rue du Cancel, 78112 Fourqueux');
INSERT INTO Malade (numero, nom, prenom, tel, mutuelle, adresse) VALUES (128, 'Srebotnik', 'Katarina', '01 35 71 87 41', 'MNAM', '45 rue Venel, 78000 Versailles');
INSERT INTO Malade (numero, nom, prenom, tel, mutuelle, adresse) VALUES (133, 'Jankovic', 'Jelena', '01 45 28 36 86', 'LMDE', '13 rue de l''Aumonerie, 78990 Elancourt');
INSERT INTO Malade (numero, nom, prenom, tel, mutuelle, adresse) VALUES (137, 'Berlocq', 'Carlos', '01 48 71 38 67', 'MNH', '49 rue Mignet, 78310 Maurepas');
INSERT INTO Malade (numero, nom, prenom, tel, mutuelle, adresse) VALUES (138, 'Morigami', 'Akiko', '01 28 47 97 93', 'MAAF', '14 Av. Giuseppe Verdi, 78990 Elancourt');
INSERT INTO Malade (numero, nom, prenom, tel, mutuelle, adresse) VALUES (145, 'Dushevina', 'Vera', '01 44 39 39 68', 'MGEN', '11 Av. Grassi, 78280 Guyancourt');
INSERT INTO Malade (numero, nom, prenom, tel, mutuelle, adresse) VALUES (146, 'Mirza', 'Sania', '01 18 71 19 26', 'MMA', '37 rue Chabrier, 78870 Bailly');
INSERT INTO Malade (numero, nom, prenom, tel, mutuelle, adresse) VALUES (147, 'Ditty', 'Julie', '01 25 71 23 10', 'CNAMTS', '71 rue Pavillon, 78990 Elancourt');
INSERT INTO Malade (numero, nom, prenom, tel, mutuelle, adresse) VALUES (148, 'Dellacqua', 'Casey', '01 96 37 79 10', 'CCVRP', '38 Av. Malherbe, 78530 Buc');
INSERT INTO Malade (numero, nom, prenom, tel, mutuelle, adresse) VALUES (149, 'Acasuso', 'Jose', '01 01 70 79 73', 'MNFTC', '16 rue Bedarrides, 78660 Ablis');
INSERT INTO Malade (numero, nom, prenom, tel, mutuelle, adresse) VALUES (153, 'Youzhny', 'Mikhail', '01 72 59 02 57', 'MAS', '48 Av. Victor Hugo, 78130 Les Mureaux');
INSERT INTO Malade (numero, nom, prenom, tel, mutuelle, adresse) VALUES (154, 'Seppi', 'Andreas', '01 14 71 00 77', 'AG2R', '62 rue du Onze Novembre, 78300 Poissy');
INSERT INTO Malade (numero, nom, prenom, tel, mutuelle, adresse) VALUES (158, 'Shvedova', 'Yaroslava', '01 21 47 10 64', 'MGSP', '60 rue des Nobles, 78120 Rambouillet');
INSERT INTO Malade (numero, nom, prenom, tel, mutuelle, adresse) VALUES (159, 'Vakulenko', 'Julia', '01 19 71 12 10', 'MNAM', '19 Av. Benjamin Abram, 78530 Buc');
INSERT INTO Malade (numero, nom, prenom, tel, mutuelle, adresse) VALUES (164, 'Krajicek', 'Michaella', '01 25 71 10 92', 'LMDE', '25 rue Saint Henri, 78310 Maurepas');
INSERT INTO Malade (numero, nom, prenom, tel, mutuelle, adresse) VALUES (166, 'Nakamura', 'Aiko', '01 08 70 56 87', 'MNH', '45 rue Mazarine, 78430 Louveciennes');
INSERT INTO Malade (numero, nom, prenom, tel, mutuelle, adresse) VALUES (167, 'Santangelo', 'Mara', '01 03 70 01 25', 'MAAF', '15 impasse Reynaud, 78310 Maurepas');
INSERT INTO Malade (numero, nom, prenom, tel, mutuelle, adresse) VALUES (168, 'Bondarenko', 'Kateryna', '01 95 70 00 05', 'MGEN', '36 rue Celony, 78630 Orgeval');
INSERT INTO Malade (numero, nom, prenom, tel, mutuelle, adresse) VALUES (171, 'Pashanski', 'Boris', '01 15 35 71 91', 'MMA', '30 rue Campra, 78630 Orgeval');
INSERT INTO Malade (numero, nom, prenom, tel, mutuelle, adresse) VALUES (172, 'Karlovic', 'Ivo', '01 55 52 37 64', 'CNAMTS', '17 rue Rifle Rafle, 78112 Fourqueux');
INSERT INTO Malade (numero, nom, prenom, tel, mutuelle, adresse) VALUES (175, 'Dancevic', 'Frank', '01 54 53 76 92', 'CCVRP', '27 rue de Lacepede, 78000 Versailles');
INSERT INTO Malade (numero, nom, prenom, tel, mutuelle, adresse) VALUES (181, 'Robredo', 'Tommy', '01 94 70 00 05', 'MNFTC', '49 rue Emeric David, 78870 Bailly');
INSERT INTO Malade (numero, nom, prenom, tel, mutuelle, adresse) VALUES (182, 'Petrova', 'Nadia', '01 28 51 33 93', 'MAS', '30 rue Sallier, 78000 Versailles');
INSERT INTO Malade (numero, nom, prenom, tel, mutuelle, adresse) VALUES (184, 'Bondarenko', 'Alona', '01 71 47 72 26', 'AG2R', '72 rue Peyresc, 78130 Les Mureaux');
INSERT INTO Malade (numero, nom, prenom, tel, mutuelle, adresse) VALUES (187, 'Garbin', 'Tathiana', '01 17 37 13 54', 'MGSP', '66 rue de la Fonderie, 78630 Orgeval');
INSERT INTO Malade (numero, nom, prenom, tel, mutuelle, adresse) VALUES (188, 'Vanek', 'Jiri', '01 51 52 38 93', 'MNAM', '14 rue des Bagniers, 78240 Chambourcy');
INSERT INTO Malade (numero, nom, prenom, tel, mutuelle, adresse) VALUES (190, 'Petkovic', 'Andrea', '01 55 52 39 65', 'LMDE', '18 rue Riquier, 78190 Trappes');
INSERT INTO Malade (numero, nom, prenom, tel, mutuelle, adresse) VALUES (191, 'Chan', 'Yung-Jan', '01 82 53 39 63', 'MNH', '65 rue Papassaudi, 78190 Trappes');
INSERT INTO Malade (numero, nom, prenom, tel, mutuelle, adresse) VALUES (192, 'Luczak', 'Peter', '01 96 37 48 73', 'MAAF', '39 rue Manuel, 78000 Versailles');
INSERT INTO Login (idLogin, username, password, employe) VALUES (1, 'admin', 'admin', null);
INSERT INTO Docteur (numero, specialite) VALUES (4, 'Orthopediste');
INSERT INTO Docteur (numero, specialite) VALUES (7, 'Cardiologue');
INSERT INTO Docteur (numero, specialite) VALUES (8, 'Cardiologue');
INSERT INTO Docteur (numero, specialite) VALUES (10, 'Cardiologue');
INSERT INTO Docteur (numero, specialite) VALUES (19, 'Traumatologue');
INSERT INTO Docteur (numero, specialite) VALUES (24, 'Orthopediste');
INSERT INTO Docteur (numero, specialite) VALUES (26, 'Orthopediste');
INSERT INTO Docteur (numero, specialite) VALUES (27, 'Orthopediste');
INSERT INTO Docteur (numero, specialite) VALUES (31, 'Anesthesiste');
INSERT INTO Docteur (numero, specialite) VALUES (34, 'Pneumologue');
INSERT INTO Docteur (numero, specialite) VALUES (50, 'Pneumologue');
INSERT INTO Docteur (numero, specialite) VALUES (53, 'Traumatologue');
INSERT INTO Docteur (numero, specialite) VALUES (54, 'Pneumologue');
INSERT INTO Docteur (numero, specialite) VALUES (64, 'Radiologue');
INSERT INTO Docteur (numero, specialite) VALUES (80, 'Cardiologue');
INSERT INTO Docteur (numero, specialite) VALUES (82, 'Orthopediste');
INSERT INTO Docteur (numero, specialite) VALUES (85, 'Anesthesiste');
INSERT INTO Docteur (numero, specialite) VALUES (88, 'Cardiologue');
INSERT INTO Docteur (numero, specialite) VALUES (89, 'Radiologue');
INSERT INTO Docteur (numero, specialite) VALUES (99, 'Anesthesiste');
INSERT INTO Docteur (numero, specialite) VALUES (113, 'Pneumologue');
INSERT INTO Docteur (numero, specialite) VALUES (114, 'Traumatologue');
INSERT INTO Docteur (numero, specialite) VALUES (122, 'Pneumologue');
INSERT INTO Docteur (numero, specialite) VALUES (126, 'Radiologue');
INSERT INTO Docteur (numero, specialite) VALUES (135, 'Anesthesiste');
INSERT INTO Docteur (numero, specialite) VALUES (140, 'Cardiologue');
INSERT INTO Docteur (numero, specialite) VALUES (141, 'Traumatologue');
INSERT INTO Docteur (numero, specialite) VALUES (144, 'Radiologue');
INSERT INTO Docteur (numero, specialite) VALUES (152, 'Cardiologue');
INSERT INTO Docteur (numero, specialite) VALUES (179, 'Anesthesiste');
INSERT INTO Docteur (numero, specialite) VALUES (180, 'Cardiologue');
INSERT INTO Docteur (numero, specialite) VALUES (196, 'Traumatologue');
INSERT INTO Service (code, nom, batiment, directeur) VALUES ('CAR', 'Cardiologie', 'B', 80);
INSERT INTO Service (code, nom, batiment, directeur) VALUES ('CHG', 'Chirurgie generale', 'A', 34);
INSERT INTO Service (code, nom, batiment, directeur) VALUES ('REA', 'Reanimation et Traumatologie', 'A', 19);
INSERT INTO Soigne (no_docteur, no_malade) VALUES (19, 1);
INSERT INTO Soigne (no_docteur, no_malade) VALUES (85, 1);
INSERT INTO Soigne (no_docteur, no_malade) VALUES (53, 3);
INSERT INTO Soigne (no_docteur, no_malade) VALUES (85, 3);
INSERT INTO Soigne (no_docteur, no_malade) VALUES (126, 3);
INSERT INTO Soigne (no_docteur, no_malade) VALUES (34, 6);
INSERT INTO Soigne (no_docteur, no_malade) VALUES (85, 6);
INSERT INTO Soigne (no_docteur, no_malade) VALUES (114, 6);
INSERT INTO Soigne (no_docteur, no_malade) VALUES (135, 6);
INSERT INTO Soigne (no_docteur, no_malade) VALUES (4, 13);
INSERT INTO Soigne (no_docteur, no_malade) VALUES (8, 13);
INSERT INTO Soigne (no_docteur, no_malade) VALUES (114, 13);
INSERT INTO Soigne (no_docteur, no_malade) VALUES (10, 14);
INSERT INTO Soigne (no_docteur, no_malade) VALUES (19, 21);
INSERT INTO Soigne (no_docteur, no_malade) VALUES (64, 21);
INSERT INTO Soigne (no_docteur, no_malade) VALUES (135, 21);
INSERT INTO Soigne (no_docteur, no_malade) VALUES (4, 23);
INSERT INTO Soigne (no_docteur, no_malade) VALUES (8, 23);
INSERT INTO Soigne (no_docteur, no_malade) VALUES (88, 23);
INSERT INTO Soigne (no_docteur, no_malade) VALUES (53, 33);
INSERT INTO Soigne (no_docteur, no_malade) VALUES (135, 33);
INSERT INTO Soigne (no_docteur, no_malade) VALUES (8, 35);
INSERT INTO Soigne (no_docteur, no_malade) VALUES (26, 35);
INSERT INTO Soigne (no_docteur, no_malade) VALUES (114, 36);
INSERT INTO Soigne (no_docteur, no_malade) VALUES (126, 36);
INSERT INTO Soigne (no_docteur, no_malade) VALUES (135, 36);
INSERT INTO Soigne (no_docteur, no_malade) VALUES (113, 37);
INSERT INTO Soigne (no_docteur, no_malade) VALUES (88, 41);
INSERT INTO Soigne (no_docteur, no_malade) VALUES (113, 41);
INSERT INTO Soigne (no_docteur, no_malade) VALUES (126, 41);
INSERT INTO Soigne (no_docteur, no_malade) VALUES (26, 43);
INSERT INTO Soigne (no_docteur, no_malade) VALUES (85, 43);
INSERT INTO Soigne (no_docteur, no_malade) VALUES (8, 44);
INSERT INTO Soigne (no_docteur, no_malade) VALUES (113, 44);
INSERT INTO Soigne (no_docteur, no_malade) VALUES (53, 46);
INSERT INTO Soigne (no_docteur, no_malade) VALUES (85, 46);
INSERT INTO Soigne (no_docteur, no_malade) VALUES (34, 52);
INSERT INTO Soigne (no_docteur, no_malade) VALUES (85, 52);
INSERT INTO Soigne (no_docteur, no_malade) VALUES (88, 52);
INSERT INTO Soigne (no_docteur, no_malade) VALUES (19, 55);
INSERT INTO Soigne (no_docteur, no_malade) VALUES (135, 55);
INSERT INTO Soigne (no_docteur, no_malade) VALUES (88, 56);
INSERT INTO Soigne (no_docteur, no_malade) VALUES (135, 56);
INSERT INTO Soigne (no_docteur, no_malade) VALUES (53, 60);
INSERT INTO Soigne (no_docteur, no_malade) VALUES (26, 61);
INSERT INTO Soigne (no_docteur, no_malade) VALUES (34, 61);
INSERT INTO Soigne (no_docteur, no_malade) VALUES (135, 61);
INSERT INTO Soigne (no_docteur, no_malade) VALUES (4, 63);
INSERT INTO Soigne (no_docteur, no_malade) VALUES (114, 63);
INSERT INTO Soigne (no_docteur, no_malade) VALUES (34, 65);
INSERT INTO Soigne (no_docteur, no_malade) VALUES (34, 66);
INSERT INTO Soigne (no_docteur, no_malade) VALUES (113, 67);
INSERT INTO Soigne (no_docteur, no_malade) VALUES (64, 68);
INSERT INTO Soigne (no_docteur, no_malade) VALUES (88, 68);
INSERT INTO Soigne (no_docteur, no_malade) VALUES (135, 68);
INSERT INTO Soigne (no_docteur, no_malade) VALUES (53, 70);
INSERT INTO Soigne (no_docteur, no_malade) VALUES (122, 70);
INSERT INTO Soigne (no_docteur, no_malade) VALUES (10, 72);
INSERT INTO Soigne (no_docteur, no_malade) VALUES (80, 74);
INSERT INTO Soigne (no_docteur, no_malade) VALUES (126, 74);
INSERT INTO Soigne (no_docteur, no_malade) VALUES (10, 75);
INSERT INTO Soigne (no_docteur, no_malade) VALUES (10, 76);
INSERT INTO Soigne (no_docteur, no_malade) VALUES (64, 76);
INSERT INTO Soigne (no_docteur, no_malade) VALUES (80, 76);
INSERT INTO Soigne (no_docteur, no_malade) VALUES (85, 76);
INSERT INTO Soigne (no_docteur, no_malade) VALUES (88, 77);
INSERT INTO Soigne (no_docteur, no_malade) VALUES (126, 77);
INSERT INTO Soigne (no_docteur, no_malade) VALUES (4, 78);
INSERT INTO Soigne (no_docteur, no_malade) VALUES (88, 78);
INSERT INTO Soigne (no_docteur, no_malade) VALUES (26, 79);
INSERT INTO Soigne (no_docteur, no_malade) VALUES (4, 81);
INSERT INTO Soigne (no_docteur, no_malade) VALUES (113, 81);
INSERT INTO Soigne (no_docteur, no_malade) VALUES (53, 90);
INSERT INTO Soigne (no_docteur, no_malade) VALUES (114, 91);
INSERT INTO Soigne (no_docteur, no_malade) VALUES (122, 91);
INSERT INTO Soigne (no_docteur, no_malade) VALUES (10, 92);
INSERT INTO Soigne (no_docteur, no_malade) VALUES (4, 100);
INSERT INTO Soigne (no_docteur, no_malade) VALUES (88, 100);
INSERT INTO Soigne (no_docteur, no_malade) VALUES (26, 101);
INSERT INTO Soigne (no_docteur, no_malade) VALUES (113, 102);
INSERT INTO Soigne (no_docteur, no_malade) VALUES (122, 102);
INSERT INTO Soigne (no_docteur, no_malade) VALUES (31, 103);
INSERT INTO Soigne (no_docteur, no_malade) VALUES (89, 103);
INSERT INTO Soigne (no_docteur, no_malade) VALUES (180, 103);
INSERT INTO Soigne (no_docteur, no_malade) VALUES (140, 104);
INSERT INTO Soigne (no_docteur, no_malade) VALUES (141, 105);
INSERT INTO Soigne (no_docteur, no_malade) VALUES (179, 105);
INSERT INTO Soigne (no_docteur, no_malade) VALUES (180, 105);
INSERT INTO Soigne (no_docteur, no_malade) VALUES (89, 107);
INSERT INTO Soigne (no_docteur, no_malade) VALUES (141, 107);
INSERT INTO Soigne (no_docteur, no_malade) VALUES (82, 108);
INSERT INTO Soigne (no_docteur, no_malade) VALUES (99, 108);
INSERT INTO Soigne (no_docteur, no_malade) VALUES (144, 108);
INSERT INTO Soigne (no_docteur, no_malade) VALUES (196, 108);
INSERT INTO Soigne (no_docteur, no_malade) VALUES (7, 109);
INSERT INTO Soigne (no_docteur, no_malade) VALUES (82, 117);
INSERT INTO Soigne (no_docteur, no_malade) VALUES (141, 117);
INSERT INTO Soigne (no_docteur, no_malade) VALUES (179, 117);
INSERT INTO Soigne (no_docteur, no_malade) VALUES (196, 117);
INSERT INTO Soigne (no_docteur, no_malade) VALUES (7, 119);
INSERT INTO Soigne (no_docteur, no_malade) VALUES (50, 119);
INSERT INTO Soigne (no_docteur, no_malade) VALUES (144, 119);
INSERT INTO Soigne (no_docteur, no_malade) VALUES (54, 120);
INSERT INTO Soigne (no_docteur, no_malade) VALUES (144, 120);
INSERT INTO Soigne (no_docteur, no_malade) VALUES (27, 121);
INSERT INTO Soigne (no_docteur, no_malade) VALUES (89, 123);
INSERT INTO Soigne (no_docteur, no_malade) VALUES (99, 123);
INSERT INTO Soigne (no_docteur, no_malade) VALUES (152, 123);
INSERT INTO Soigne (no_docteur, no_malade) VALUES (140, 124);
INSERT INTO Soigne (no_docteur, no_malade) VALUES (27, 128);
INSERT INTO Soigne (no_docteur, no_malade) VALUES (141, 128);
INSERT INTO Soigne (no_docteur, no_malade) VALUES (7, 133);
INSERT INTO Soigne (no_docteur, no_malade) VALUES (82, 137);
INSERT INTO Soigne (no_docteur, no_malade) VALUES (89, 137);
INSERT INTO Soigne (no_docteur, no_malade) VALUES (50, 138);
INSERT INTO Soigne (no_docteur, no_malade) VALUES (24, 145);
INSERT INTO Soigne (no_docteur, no_malade) VALUES (31, 145);
INSERT INTO Soigne (no_docteur, no_malade) VALUES (144, 145);
INSERT INTO Soigne (no_docteur, no_malade) VALUES (152, 145);
INSERT INTO Soigne (no_docteur, no_malade) VALUES (27, 146);
INSERT INTO Soigne (no_docteur, no_malade) VALUES (89, 146);
INSERT INTO Soigne (no_docteur, no_malade) VALUES (24, 147);
INSERT INTO Soigne (no_docteur, no_malade) VALUES (54, 147);
INSERT INTO Soigne (no_docteur, no_malade) VALUES (89, 147);
INSERT INTO Soigne (no_docteur, no_malade) VALUES (141, 147);
INSERT INTO Soigne (no_docteur, no_malade) VALUES (140, 148);
INSERT INTO Soigne (no_docteur, no_malade) VALUES (152, 149);
INSERT INTO Soigne (no_docteur, no_malade) VALUES (141, 153);
INSERT INTO Soigne (no_docteur, no_malade) VALUES (144, 153);
INSERT INTO Soigne (no_docteur, no_malade) VALUES (144, 154);
INSERT INTO Soigne (no_docteur, no_malade) VALUES (179, 154);
INSERT INTO Soigne (no_docteur, no_malade) VALUES (7, 158);
INSERT INTO Soigne (no_docteur, no_malade) VALUES (82, 159);
INSERT INTO Soigne (no_docteur, no_malade) VALUES (144, 159);
INSERT INTO Soigne (no_docteur, no_malade) VALUES (152, 159);
INSERT INTO Soigne (no_docteur, no_malade) VALUES (196, 159);
INSERT INTO Soigne (no_docteur, no_malade) VALUES (27, 164);
INSERT INTO Soigne (no_docteur, no_malade) VALUES (50, 164);
INSERT INTO Soigne (no_docteur, no_malade) VALUES (27, 166);
INSERT INTO Soigne (no_docteur, no_malade) VALUES (152, 167);
INSERT INTO Soigne (no_docteur, no_malade) VALUES (140, 168);
INSERT INTO Soigne (no_docteur, no_malade) VALUES (50, 171);
INSERT INTO Soigne (no_docteur, no_malade) VALUES (141, 171);
INSERT INTO Soigne (no_docteur, no_malade) VALUES (99, 172);
INSERT INTO Soigne (no_docteur, no_malade) VALUES (140, 172);
INSERT INTO Soigne (no_docteur, no_malade) VALUES (180, 172);
INSERT INTO Soigne (no_docteur, no_malade) VALUES (196, 172);
INSERT INTO Soigne (no_docteur, no_malade) VALUES (7, 175);
INSERT INTO Soigne (no_docteur, no_malade) VALUES (50, 181);
INSERT INTO Soigne (no_docteur, no_malade) VALUES (144, 181);
INSERT INTO Soigne (no_docteur, no_malade) VALUES (31, 182);
INSERT INTO Soigne (no_docteur, no_malade) VALUES (89, 182);
INSERT INTO Soigne (no_docteur, no_malade) VALUES (180, 182);
INSERT INTO Soigne (no_docteur, no_malade) VALUES (27, 184);
INSERT INTO Soigne (no_docteur, no_malade) VALUES (141, 184);
INSERT INTO Soigne (no_docteur, no_malade) VALUES (144, 184);
INSERT INTO Soigne (no_docteur, no_malade) VALUES (140, 187);
INSERT INTO Soigne (no_docteur, no_malade) VALUES (140, 188);
INSERT INTO Soigne (no_docteur, no_malade) VALUES (141, 190);
INSERT INTO Soigne (no_docteur, no_malade) VALUES (7, 191);
INSERT INTO Soigne (no_docteur, no_malade) VALUES (140, 192);
INSERT INTO Soigne (no_docteur, no_malade) VALUES (144, 192);
INSERT INTO Soigne (no_docteur, no_malade) VALUES (179, 192);
INSERT INTO Infirmier (numero, code_service, rotation, salaire) VALUES (12, 'REA', 'JOUR', 1256.78);
INSERT INTO Infirmier (numero, code_service, rotation, salaire) VALUES (15, 'CHG', 'JOUR', 1178.48);
INSERT INTO Infirmier (numero, code_service, rotation, salaire) VALUES (22, 'REA', 'JOUR', 1498.21);
INSERT INTO Infirmier (numero, code_service, rotation, salaire) VALUES (25, 'CAR', 'JOUR', 1574.25);
INSERT INTO Infirmier (numero, code_service, rotation, salaire) VALUES (29, 'CHG', 'JOUR', 1358.45);
INSERT INTO Infirmier (numero, code_service, rotation, salaire) VALUES (45, 'CAR', 'JOUR', 1465.25);
INSERT INTO Infirmier (numero, code_service, rotation, salaire) VALUES (49, 'REA', 'JOUR', 1256.78);
INSERT INTO Infirmier (numero, code_service, rotation, salaire) VALUES (57, 'CHG', 'JOUR', 1765.21);
INSERT INTO Infirmier (numero, code_service, rotation, salaire) VALUES (71, 'CAR', 'NUIT', 1335.86);
INSERT INTO Infirmier (numero, code_service, rotation, salaire) VALUES (73, 'REA', 'NUIT', 1473.29);
INSERT INTO Infirmier (numero, code_service, rotation, salaire) VALUES (86, 'CHG', 'JOUR', 1178.48);
INSERT INTO Infirmier (numero, code_service, rotation, salaire) VALUES (95, 'CAR', 'NUIT', 1947.61);
INSERT INTO Infirmier (numero, code_service, rotation, salaire) VALUES (97, 'CHG', 'NUIT', 1184.26);
INSERT INTO Infirmier (numero, code_service, rotation, salaire) VALUES (98, 'CAR', 'JOUR', 1498.21);
INSERT INTO Infirmier (numero, code_service, rotation, salaire) VALUES (116, 'REA', 'JOUR', 1574.25);
INSERT INTO Infirmier (numero, code_service, rotation, salaire) VALUES (127, 'REA', 'NUIT', 1267.38);
INSERT INTO Infirmier (numero, code_service, rotation, salaire) VALUES (130, 'CHG', 'JOUR', 1358.45);
INSERT INTO Infirmier (numero, code_service, rotation, salaire) VALUES (131, 'CAR', 'JOUR', 1465.25);
INSERT INTO Infirmier (numero, code_service, rotation, salaire) VALUES (139, 'CHG', 'NUIT', 2034.82);
INSERT INTO Infirmier (numero, code_service, rotation, salaire) VALUES (151, 'CHG', 'JOUR', 1765.21);
INSERT INTO Infirmier (numero, code_service, rotation, salaire) VALUES (155, 'CHG', 'NUIT', 1335.86);
INSERT INTO Infirmier (numero, code_service, rotation, salaire) VALUES (162, 'CHG', 'NUIT', 1381.29);
INSERT INTO Infirmier (numero, code_service, rotation, salaire) VALUES (163, 'CAR', 'NUIT', 1473.29);
INSERT INTO Infirmier (numero, code_service, rotation, salaire) VALUES (169, 'CAR', 'NUIT', 1947.61);
INSERT INTO Infirmier (numero, code_service, rotation, salaire) VALUES (176, 'CHG', 'NUIT', 1184.26);
INSERT INTO Infirmier (numero, code_service, rotation, salaire) VALUES (189, 'REA', 'NUIT', 1267.38);
INSERT INTO Infirmier (numero, code_service, rotation, salaire) VALUES (194, 'CHG', 'NUIT', 2034.82);
INSERT INTO Infirmier (numero, code_service, rotation, salaire) VALUES (195, 'CHG', 'NUIT', 1381.29);
INSERT INTO Chambre (no_chambre, code_service, surveillant, nb_lits) VALUES (101, 'CAR', 95, 3);
INSERT INTO Chambre (no_chambre, code_service, surveillant, nb_lits) VALUES (101, 'REA', 12, 1);
INSERT INTO Chambre (no_chambre, code_service, surveillant, nb_lits) VALUES (102, 'CAR', 95, 2);
INSERT INTO Chambre (no_chambre, code_service, surveillant, nb_lits) VALUES (102, 'REA', 12, 1);
INSERT INTO Chambre (no_chambre, code_service, surveillant, nb_lits) VALUES (103, 'CAR', 95, 1);
INSERT INTO Chambre (no_chambre, code_service, surveillant, nb_lits) VALUES (103, 'REA', 22, 2);
INSERT INTO Chambre (no_chambre, code_service, surveillant, nb_lits) VALUES (104, 'CAR', 169, 3);
INSERT INTO Chambre (no_chambre, code_service, surveillant, nb_lits) VALUES (104, 'REA', 22, 2);
INSERT INTO Chambre (no_chambre, code_service, surveillant, nb_lits) VALUES (105, 'CAR', 169, 2);
INSERT INTO Chambre (no_chambre, code_service, surveillant, nb_lits) VALUES (105, 'REA', 49, 1);
INSERT INTO Chambre (no_chambre, code_service, surveillant, nb_lits) VALUES (106, 'CAR', 169, 1);
INSERT INTO Chambre (no_chambre, code_service, surveillant, nb_lits) VALUES (106, 'REA', 49, 1);
INSERT INTO Chambre (no_chambre, code_service, surveillant, nb_lits) VALUES (107, 'REA', 49, 2);
INSERT INTO Chambre (no_chambre, code_service, surveillant, nb_lits) VALUES (108, 'REA', 116, 2);
INSERT INTO Chambre (no_chambre, code_service, surveillant, nb_lits) VALUES (201, 'CHG', 29, 4);
INSERT INTO Chambre (no_chambre, code_service, surveillant, nb_lits) VALUES (202, 'CHG', 29, 4);
INSERT INTO Chambre (no_chambre, code_service, surveillant, nb_lits) VALUES (301, 'CHG', 57, 2);
INSERT INTO Chambre (no_chambre, code_service, surveillant, nb_lits) VALUES (302, 'CHG', 57, 2);
INSERT INTO Chambre (no_chambre, code_service, surveillant, nb_lits) VALUES (303, 'CHG', 57, 1);
INSERT INTO Chambre (no_chambre, code_service, surveillant, nb_lits) VALUES (401, 'CHG', 130, 4);
INSERT INTO Chambre (no_chambre, code_service, surveillant, nb_lits) VALUES (402, 'CHG', 130, 4);
INSERT INTO Chambre (no_chambre, code_service, surveillant, nb_lits) VALUES (403, 'CHG', 151, 2);
INSERT INTO Chambre (no_chambre, code_service, surveillant, nb_lits) VALUES (404, 'CHG', 151, 2);
INSERT INTO Chambre (no_chambre, code_service, surveillant, nb_lits) VALUES (405, 'CHG', 151, 1);
INSERT INTO Hospitalisation (no_malade, code_service, no_chambre, lit) VALUES (1, 'REA', 101, 1);
INSERT INTO Hospitalisation (no_malade, code_service, no_chambre, lit) VALUES (3, 'REA', 102, 1);
INSERT INTO Hospitalisation (no_malade, code_service, no_chambre, lit) VALUES (6, 'REA', 103, 1);
INSERT INTO Hospitalisation (no_malade, code_service, no_chambre, lit) VALUES (21, 'REA', 103, 2);
INSERT INTO Hospitalisation (no_malade, code_service, no_chambre, lit) VALUES (33, 'REA', 104, 1);
INSERT INTO Hospitalisation (no_malade, code_service, no_chambre, lit) VALUES (36, 'REA', 104, 2);
INSERT INTO Hospitalisation (no_malade, code_service, no_chambre, lit) VALUES (37, 'CHG', 201, 1);
INSERT INTO Hospitalisation (no_malade, code_service, no_chambre, lit) VALUES (41, 'CHG', 201, 2);
INSERT INTO Hospitalisation (no_malade, code_service, no_chambre, lit) VALUES (43, 'CHG', 201, 3);
INSERT INTO Hospitalisation (no_malade, code_service, no_chambre, lit) VALUES (46, 'CHG', 202, 2);
INSERT INTO Hospitalisation (no_malade, code_service, no_chambre, lit) VALUES (52, 'CHG', 202, 3);
INSERT INTO Hospitalisation (no_malade, code_service, no_chambre, lit) VALUES (55, 'CHG', 202, 4);
INSERT INTO Hospitalisation (no_malade, code_service, no_chambre, lit) VALUES (56, 'CHG', 301, 1);
INSERT INTO Hospitalisation (no_malade, code_service, no_chambre, lit) VALUES (61, 'CHG', 301, 2);
INSERT INTO Hospitalisation (no_malade, code_service, no_chambre, lit) VALUES (65, 'CHG', 302, 1);
INSERT INTO Hospitalisation (no_malade, code_service, no_chambre, lit) VALUES (66, 'CHG', 302, 2);
INSERT INTO Hospitalisation (no_malade, code_service, no_chambre, lit) VALUES (67, 'CHG', 303, 1);
INSERT INTO Hospitalisation (no_malade, code_service, no_chambre, lit) VALUES (68, 'CAR', 101, 1);
INSERT INTO Hospitalisation (no_malade, code_service, no_chambre, lit) VALUES (72, 'CAR', 101, 3);
INSERT INTO Hospitalisation (no_malade, code_service, no_chambre, lit) VALUES (74, 'CAR', 102, 1);
INSERT INTO Hospitalisation (no_malade, code_service, no_chambre, lit) VALUES (76, 'CAR', 102, 2);
INSERT INTO Hospitalisation (no_malade, code_service, no_chambre, lit) VALUES (77, 'CAR', 103, 1);
INSERT INTO Hospitalisation (no_malade, code_service, no_chambre, lit) VALUES (103, 'REA', 105, 1);
INSERT INTO Hospitalisation (no_malade, code_service, no_chambre, lit) VALUES (105, 'REA', 107, 1);
INSERT INTO Hospitalisation (no_malade, code_service, no_chambre, lit) VALUES (108, 'REA', 107, 2);
INSERT INTO Hospitalisation (no_malade, code_service, no_chambre, lit) VALUES (117, 'REA', 108, 1);
INSERT INTO Hospitalisation (no_malade, code_service, no_chambre, lit) VALUES (120, 'CHG', 401, 1);
INSERT INTO Hospitalisation (no_malade, code_service, no_chambre, lit) VALUES (123, 'CHG', 401, 4);
INSERT INTO Hospitalisation (no_malade, code_service, no_chambre, lit) VALUES (137, 'CHG', 402, 1);
INSERT INTO Hospitalisation (no_malade, code_service, no_chambre, lit) VALUES (145, 'CHG', 402, 2);
INSERT INTO Hospitalisation (no_malade, code_service, no_chambre, lit) VALUES (147, 'CHG', 402, 3);
INSERT INTO Hospitalisation (no_malade, code_service, no_chambre, lit) VALUES (149, 'CHG', 403, 1);
INSERT INTO Hospitalisation (no_malade, code_service, no_chambre, lit) VALUES (154, 'CHG', 403, 2);
INSERT INTO Hospitalisation (no_malade, code_service, no_chambre, lit) VALUES (159, 'CHG', 404, 2);
INSERT INTO Hospitalisation (no_malade, code_service, no_chambre, lit) VALUES (167, 'CHG', 405, 1);
INSERT INTO Hospitalisation (no_malade, code_service, no_chambre, lit) VALUES (172, 'CAR', 104, 1);
INSERT INTO Hospitalisation (no_malade, code_service, no_chambre, lit) VALUES (182, 'CAR', 104, 3);
INSERT INTO Hospitalisation (no_malade, code_service, no_chambre, lit) VALUES (188, 'CAR', 105, 2);
INSERT INTO Hospitalisation (no_malade, code_service, no_chambre, lit) VALUES (192, 'CAR', 106, 1);
